event_id,month,day_of_week,time_of_day,is_holiday,beach_id,registered_volunteers,organizer_rating,actual_attendance
1000,1,0,16,0,5,62,4.2,39
1001,6,1,16,0,5,100,4.1,66
1002,3,6,14,0,4,61,4,49
1003,2,5,9,0,1,180,4.1,167
1004,6,0,9,0,3,20,3.9,16
1005,10,5,16,0,2,108,4.2,94
1006,12,6,14,0,1,40,4.9,38
1007,3,0,9,0,4,140,4.1,107
1008,6,6,14,0,4,99,4.9,90
1009,12,3,14,0,2,139,4.6,119
1010,4,5,14,0,4,46,5,42
1011,6,1,16,1,4,65,4.7,60
1012,9,5,9,0,4,114,4,102
1013,5,0,14,1,2,126,4,93
1014,12,3,16,0,3,183,4.4,130
1015,11,1,9,0,5,193,3.6,126
1016,9,4,9,0,3,74,4.6,64
1017,7,5,14,0,5,132,4.5,111
1018,11,2,16,0,4,195,4.9,153
1019,1,0,9,0,3,60,4.7,53
1020,8,3,14,0,2,160,3.9,118
1021,4,1,14,0,1,200,3.6,112
1022,8,3,14,0,1,45,4.6,37
1023,5,3,9,0,1,47,3.8,33
1024,10,0,14,0,5,106,3.6,62
1025,10,0,9,0,5,49,4.6,39
1026,4,1,9,0,3,66,4.6,57
1027,9,4,16,0,1,129,4.5,95
1028,5,6,16,0,1,173,3.7,127
1029,11,6,9,0,3,184,4.4,177
1030,1,4,14,0,1,109,3.7,68
1031,4,5,16,0,1,82,4.5,76
1032,8,0,9,0,5,44,4.8,38
1033,7,4,9,0,4,181,3.5,134
1034,6,2,14,0,4,181,4.6,140
1035,10,2,9,0,1,200,4.1,154
1036,8,5,14,0,5,177,4.5,144
1037,12,4,9,0,3,45,4.5,34
1038,9,3,16,0,4,93,4.8,75
1039,10,2,9,0,3,67,4.6,60
1040,1,3,9,0,2,22,3.7,15
1041,10,4,9,0,4,58,4.2,43
1042,5,6,9,0,4,108,3.9,91
1043,10,6,16,0,1,48,4.2,39
1044,12,0,16,0,4,85,4.9,68
1045,3,0,16,0,5,76,4.8,58
1046,8,3,9,0,4,190,4.9,164
1047,5,3,16,0,5,50,4.1,35
1048,2,6,9,0,2,29,4.9,29
1049,10,0,16,0,4,50,4.9,39
1050,1,6,16,1,3,45,4.6,44
1051,10,1,9,0,2,128,3.5,96
1052,7,3,9,0,3,125,3.7,76
1053,3,3,9,0,1,146,3.9,113
1054,10,6,16,0,3,110,3.9,89
1055,3,0,16,0,5,21,4.9,18
1056,1,0,16,0,3,94,3.7,53
1057,10,3,14,0,1,61,3.8,40
1058,1,6,16,0,5,81,4.1,69
1059,11,2,14,0,3,190,4.8,155
1060,11,5,9,0,4,83,3.8,78
1061,12,2,14,0,5,178,4.8,133
1062,11,6,9,0,5,149,4,140
1063,5,4,16,1,3,83,3.6,63
1064,9,4,9,0,3,38,4.9,29
1065,2,3,16,0,2,191,4.4,129
1066,5,1,9,0,5,166,4.9,153
1067,5,5,9,0,3,60,4.7,57
1068,7,0,9,0,5,196,4.8,152
1069,7,6,9,0,5,52,4.9,52
1070,4,5,14,0,5,69,3.5,44
1071,2,3,9,0,4,124,4.9,114
1072,1,0,9,1,2,114,4.7,107
1073,11,4,9,0,5,178,4.6,162
1074,12,2,16,0,2,178,4.7,130
1075,7,0,9,0,4,129,4.4,92
1076,5,2,9,0,1,152,4.2,115
1077,7,5,9,0,2,165,4.1,152
1078,12,0,9,0,3,110,4.9,92
1079,9,1,16,0,1,39,4.7,27
1080,5,2,16,0,2,161,4.4,112
1081,11,6,9,0,1,185,4.2,163
1082,4,2,9,0,1,65,5,57
1083,2,5,16,0,2,154,3.9,127
1084,7,1,16,1,5,105,4,87
1085,1,1,16,0,2,26,4.1,17
1086,12,3,16,0,3,128,4.3,83
1087,6,2,16,0,1,163,4.7,118
1088,10,4,9,0,3,148,4.6,137
1089,9,6,14,0,3,76,3.6,53
1090,4,2,9,0,4,24,4.1,17
1091,10,6,14,0,1,143,4.3,116
1092,4,4,14,0,3,139,4.9,116
1093,6,1,16,0,3,92,4.5,63
1094,6,1,14,0,3,44,3.7,23
1095,9,6,14,0,1,151,4.1,138
1096,7,2,14,0,5,178,3.6,88
1097,11,6,16,0,3,152,4,126
1098,4,0,16,1,5,178,4.7,150
1099,9,5,9,0,2,67,4.8,63
1100,6,6,9,0,4,57,4.3,50
1101,11,2,16,0,4,38,3.5,22
1102,10,2,14,0,2,29,4.7,25
1103,8,6,9,0,3,22,4.5,19
1104,10,1,14,0,1,163,4.3,111
1105,6,3,16,0,4,142,3.8,94
1106,2,5,14,0,5,57,4.8,57
1107,3,3,9,0,5,163,4.9,130
1108,9,0,16,0,4,109,3.8,75
1109,12,5,16,0,1,62,3.7,53
1110,2,2,16,0,2,126,4.5,82
1111,10,2,14,0,1,181,4.2,119
1112,2,3,16,0,1,25,3.5,15
1113,10,4,16,0,5,83,4.5,58
1114,1,6,14,0,3,88,4.5,67
1115,1,3,9,0,4,147,4.2,109
1116,7,3,16,1,4,81,3.8,62
1117,4,4,16,0,4,112,4.4,77
1118,12,6,16,0,2,190,4.7,173
1119,8,3,14,0,5,193,3.9,125
1120,5,2,16,0,5,151,3.7,96
1121,9,1,9,0,5,103,4.4,71
1122,11,3,14,0,5,179,4.9,130
1123,2,0,16,0,5,55,4.8,45
1124,5,2,14,0,2,47,4.5,29
1125,8,0,9,0,2,49,4.2,35
1126,4,2,9,0,2,194,4.7,155
1127,5,2,9,0,2,116,3.9,87
1128,2,0,16,0,2,128,3.6,78
1129,3,1,9,0,2,146,4.9,142
1130,10,1,9,0,5,160,4,115
1131,10,4,16,0,1,71,4.6,50
1132,1,1,14,0,1,34,4.2,21
1133,5,5,16,1,3,32,3.8,27
1134,5,2,14,0,3,59,4.9,45
1135,2,4,9,1,4,168,4.9,168
1136,8,1,14,1,3,40,4.8,40
1137,3,2,9,0,5,156,4.2,129
1138,8,2,14,0,3,26,4.2,17
1139,7,2,9,0,2,165,4.1,127
1140,11,6,16,0,2,179,4,155
1141,2,1,14,0,4,33,4.6,26
1142,6,5,14,0,1,65,4.5,52
1143,3,5,14,0,4,135,4.1,111
1144,11,5,16,0,1,176,3.9,141
1145,8,3,14,0,4,48,3.5,26
1146,6,5,14,0,2,37,4.5,31
1147,9,2,14,0,2,156,4.1,103
1148,6,0,14,0,4,86,4.6,67
1149,3,1,9,0,5,95,3.7,58
1150,5,5,9,0,5,65,4.5,56
1151,4,4,14,0,2,172,3.6,73
1152,6,4,9,0,2,126,3.5,79
1153,10,4,16,0,1,121,4.8,89
1154,7,4,9,0,1,20,4.8,16
1155,10,5,9,0,1,67,5,64
1156,7,4,16,0,1,115,4.5,86
1157,9,4,16,1,2,147,3.9,116
1158,2,5,9,0,3,103,4.6,103
1159,5,1,14,0,5,163,4.3,108
1160,8,1,9,0,1,182,4.3,141
1161,12,6,14,0,2,116,4.5,95
1162,3,1,16,0,5,93,4.3,57
1163,6,6,9,0,4,74,4.2,61
1164,1,1,14,0,4,114,3.5,79
1165,8,3,9,0,5,145,4.2,110
1166,10,4,16,0,1,169,4.6,120
1167,7,6,9,0,4,174,3.6,141
1168,2,0,16,0,2,123,4.5,96
1169,1,4,14,0,5,72,4.5,46
1170,1,4,16,0,4,139,5,122
1171,1,3,9,1,3,71,4.9,69
1172,1,5,16,0,2,75,4.6,75
1173,9,2,14,0,3,198,3.9,162
1174,12,2,16,0,1,135,4.3,84
1175,7,6,16,0,2,121,3.5,97
1176,7,4,16,0,4,24,4.1,19
1177,3,4,16,0,4,91,4.3,63
1178,8,4,9,0,5,144,4.4,112
1179,4,5,9,0,3,142,5,142
1180,6,0,9,0,2,37,4.6,29
1181,6,2,14,0,2,172,4.3,115
1182,11,5,16,0,2,142,3.9,116
1183,3,0,14,0,1,86,4.3,61
1184,1,3,9,0,1,158,3.5,94
1185,1,0,9,0,1,187,4.4,139
1186,11,2,14,1,2,61,4.3,50
1187,8,4,14,0,4,68,3.8,48
1188,8,4,9,1,5,30,3.8,27
1189,4,0,16,1,5,43,4.2,37
1190,5,4,16,0,2,139,3.9,105
1191,8,3,16,0,1,173,3.9,135
1192,5,6,14,0,1,46,4.3,38
1193,3,5,9,0,2,100,4.6,98
1194,11,0,16,0,2,51,4.6,41
1195,9,5,14,0,4,87,4.2,68
1196,10,1,16,0,4,160,4.1,111
1197,3,2,14,0,4,183,4.6,145
1198,3,6,14,0,4,137,4.3,122
1199,10,4,16,0,2,128,4.3,84
1200,1,5,16,1,2,161,3.9,134
1201,9,3,14,0,5,187,4.8,158
1202,3,1,9,0,2,169,3.6,117
1203,1,4,16,0,1,129,3.9,97
1204,12,3,9,1,2,170,4.6,148
1205,8,1,9,0,2,80,4.7,73
1206,11,6,16,0,2,27,3.6,23
1207,11,0,14,0,4,127,3.7,82
1208,11,3,16,0,5,120,3.9,79
1209,1,2,16,0,2,119,3.7,70
1210,9,5,14,1,4,116,4.3,110
1211,1,3,16,0,5,133,4.8,110
1212,11,6,14,0,4,180,4.7,175
1213,9,1,16,0,4,88,3.8,59
1214,6,6,9,0,5,196,4.9,196
1215,11,1,9,0,1,129,4.8,112
1216,2,3,14,0,2,106,4.7,88
1217,3,3,14,0,3,41,4.1,30
1218,4,5,9,0,5,160,4.3,139
1219,9,6,14,0,4,155,5,144
1220,11,4,9,1,1,183,3.9,164
1221,9,2,14,0,2,106,4.2,79
1222,1,3,16,0,2,110,4,79
1223,10,2,16,0,3,26,3.6,17
1224,11,1,14,0,2,149,4,111
1225,5,1,14,0,1,148,4.3,98
1226,2,2,9,0,1,129,4.6,118
1227,9,0,9,0,4,92,4.7,77
1228,10,2,16,0,2,198,4.5,134
1229,7,3,14,0,2,122,4,85
1230,5,2,14,0,4,85,4.1,52
1231,8,5,16,0,3,60,4.2,50
1232,9,2,16,0,1,198,3.9,123
1233,9,3,9,0,2,197,3.6,152
1234,4,1,9,0,4,110,4,84
1235,9,5,16,0,2,23,4.9,20
1236,7,2,9,0,4,74,4.7,60
1237,9,6,9,0,5,93,3.9,88
1238,7,0,16,0,3,188,3.8,126
1239,4,6,14,0,2,48,3.9,42
1240,6,5,14,0,3,140,4.5,116
1241,1,2,9,0,3,109,3.6,71
1242,7,1,16,0,3,127,4.3,81
1243,6,3,9,1,4,141,5,120
1244,11,6,16,0,1,38,4.6,36
1245,11,3,9,0,1,175,4.5,139
1246,3,5,16,0,3,165,4.6,165
1247,2,0,16,0,5,144,4.3,93
1248,4,6,16,0,1,130,3.8,107
1249,4,1,16,0,2,70,4.2,46
1250,7,5,14,0,3,120,4.3,104
1251,11,4,14,0,3,67,3.9,45
1252,5,4,16,0,1,28,4.7,23
1253,7,2,9,0,5,110,3.9,72
1254,1,2,16,0,3,71,4.4,48
1255,3,1,9,1,2,133,3.9,114
1256,3,5,9,0,4,197,4.5,171
1257,3,1,16,0,1,107,4.3,76
1258,9,5,9,1,4,110,4.3,100
1259,5,0,14,0,1,28,4.6,22
1260,12,4,16,0,2,69,4.7,59
1261,10,5,14,0,1,180,4.4,157
1262,4,5,9,1,1,81,4.7,79
1263,2,1,14,0,5,88,4.6,66
1264,3,0,16,0,4,200,4.7,154
1265,2,2,16,0,5,103,4.5,71
1266,2,5,16,1,4,85,4.8,80
1267,3,6,16,0,1,34,4,28
1268,12,0,16,0,4,177,4.6,145
1269,10,0,16,0,3,105,4.2,63
1270,5,4,16,0,3,178,4.2,110
1271,6,6,16,0,4,41,4.7,34
1272,5,1,14,0,2,113,4.9,92
1273,7,2,14,0,3,62,3.9,43
1274,5,2,16,0,2,87,3.7,48
1275,6,0,16,0,1,121,4.3,81
1276,6,2,16,0,4,128,3.5,76
1277,6,4,16,0,2,98,4.1,67
1278,6,1,14,0,5,166,4.2,131
1279,3,5,16,0,1,137,3.8,120
1280,12,0,9,0,4,29,4.8,26
1281,10,1,16,0,2,40,3.8,30
1282,10,1,14,0,2,112,3.7,67
1283,9,5,14,0,2,179,4.9,176
1284,2,1,16,0,5,90,4.3,60
1285,6,2,16,0,1,154,4.1,101
1286,12,5,9,1,2,98,4.5,85
1287,9,4,16,0,5,191,4.1,144
1288,2,5,14,0,5,153,3.5,117
1289,3,2,16,0,4,47,4,35
1290,3,6,16,0,4,104,4.5,94
1291,2,2,16,1,5,190,4.4,152
1292,5,3,9,0,3,52,4.6,45
1293,8,1,9,0,5,172,3.8,141
1294,9,2,9,0,1,50,4.4,38
1295,5,5,16,0,2,135,4.5,119
1296,3,3,14,1,5,153,4,133
1297,1,6,14,0,4,23,5,23
1298,10,0,14,1,2,179,4.1,152
1299,10,6,16,0,4,48,5,44
1300,4,3,14,0,5,166,3.7,90
1301,12,4,14,0,2,99,4.3,72
1302,10,4,9,0,4,72,4.5,54
1303,4,2,14,0,2,90,3.9,56
1304,2,0,9,0,2,77,4.8,69
1305,11,4,16,0,1,37,4.8,31
1306,5,4,14,0,3,104,4.3,79
1307,9,5,16,0,2,74,4.3,64
1308,9,2,16,0,4,49,4.5,34
1309,12,4,16,0,2,41,4,26
1310,2,0,9,0,2,69,3.5,45
1311,2,2,14,0,5,69,3.8,51
1312,12,1,14,0,4,113,4.4,80
1313,4,3,9,0,3,49,4.1,36
1314,7,2,14,0,3,59,4.4,40
1315,5,6,14,0,5,182,4.2,151
1316,4,0,16,0,1,148,4.9,132
1317,3,3,14,0,4,171,3.7,118
1318,10,0,9,0,2,130,4.1,96
1319,8,2,16,0,4,111,4.3,78
1320,2,3,14,1,4,24,4.8,22
1321,12,1,9,0,1,196,3.6,131
1322,7,6,14,0,1,36,4.2,30
1323,9,3,16,0,4,128,3.8,69
1324,11,3,16,0,4,32,3.6,17
1325,6,4,16,0,5,45,4.1,31
1326,2,5,9,0,4,109,3.5,83
1327,3,1,14,0,2,185,4.3,139
1328,4,0,14,0,4,100,3.6,55
1329,12,0,9,0,4,90,3.8,65
1330,10,2,16,0,4,31,4.8,24
1331,10,5,9,1,3,42,3.7,32
1332,6,3,14,0,2,180,4.7,153
1333,10,5,16,0,2,53,4.9,50
1334,4,4,16,0,1,161,4,118
1335,11,3,16,0,4,121,3.5,76
1336,5,0,16,0,1,170,4.6,147
1337,10,0,9,1,2,116,4.3,99
1338,9,4,9,0,5,179,4.4,113
1339,3,4,14,0,5,190,3.9,133
1340,12,0,16,0,2,123,3.7,69
1341,5,6,9,0,3,171,3.9,164
1342,7,0,9,0,2,33,4.2,21
1343,4,6,9,0,4,188,4.6,174
1344,11,0,14,0,5,45,4,32
1345,7,3,9,0,1,44,4.8,37
1346,4,6,9,0,4,83,3.7,69
1347,6,5,9,0,4,113,4.8,113
1348,9,0,9,0,4,126,3.6,86
1349,1,6,16,1,2,37,4.7,35
1350,4,4,16,0,5,168,4.8,131
1351,6,0,14,0,5,193,4.4,138
1352,9,2,14,0,3,50,4.5,33
1353,3,0,9,0,5,193,4.3,133
1354,11,5,14,0,1,39,3.7,30
1355,3,6,14,0,1,106,4.7,95
1356,7,4,16,0,1,176,3.9,119
1357,11,6,16,0,4,85,5,74
1358,1,2,9,0,5,66,4.2,54
1359,10,0,16,0,1,45,3.6,28
1360,9,5,16,0,4,54,3.6,44
1361,2,3,9,0,5,165,4.6,148
1362,2,0,16,0,3,42,4.8,35
1363,5,3,16,0,5,146,4,109
1364,9,2,9,0,5,187,3.9,143
1365,3,3,9,1,3,135,3.7,110
1366,10,5,9,0,5,28,4.7,26
1367,5,6,16,0,2,94,3.7,69
1368,9,1,9,0,5,83,3.9,57
1369,5,6,9,0,4,34,3.7,25
1370,9,1,9,0,5,157,3.8,120
1371,8,5,16,0,4,46,4.2,40
1372,5,0,9,0,3,193,3.7,120
1373,2,2,14,0,3,95,4.1,60
1374,7,2,9,0,4,181,3.9,126
1375,3,2,9,0,5,179,3.7,107
1376,1,2,16,0,5,142,4,93
1377,12,1,16,0,4,32,4.4,22
1378,10,6,9,0,2,175,3.9,149
1379,5,0,9,1,5,48,4.8,48
1380,10,6,16,0,5,133,3.9,116
1381,12,3,14,0,2,26,4.6,20
1382,8,3,9,0,3,116,4.6,109
1383,8,5,14,0,3,87,4.8,80
1384,2,2,14,0,1,142,4.3,97
1385,11,5,14,0,4,122,4.8,120
1386,7,5,14,0,4,122,3.7,95
1387,12,0,16,0,2,82,4.1,49
1388,11,6,16,0,3,105,5,102
1389,1,6,9,0,3,130,4.7,130
1390,6,0,9,0,5,176,3.7,118
1391,6,3,14,0,4,94,4,58
1392,6,3,16,0,4,136,3.7,89
1393,12,0,16,0,2,48,4.5,34
1394,5,4,16,0,1,73,4.5,51
1395,7,4,16,0,1,26,3.9,17
1396,1,0,16,0,4,178,3.7,104
1397,4,5,16,0,4,23,4.3,18
1398,6,1,16,0,2,188,4.6,137
1399,10,5,14,0,3,87,4.9,77
1400,10,4,9,0,5,171,4.2,117
1401,9,1,14,0,5,192,4,136
1402,9,1,16,0,1,93,4.1,65
1403,7,2,16,0,5,99,4.7,86
1404,2,4,14,0,3,199,4.4,134
1405,7,4,14,1,5,191,5,187
1406,9,3,14,0,5,67,4.5,41
1407,12,0,16,0,3,145,4,98
1408,7,0,14,0,1,90,3.6,60
1409,9,6,16,1,2,28,4.4,22
1410,2,6,9,0,3,149,3.8,136
1411,7,3,14,0,4,64,4.9,49
1412,1,3,14,0,1,81,3.5,46
1413,8,2,14,0,4,130,4.8,99
1414,9,1,16,0,3,22,4.8,17
1415,6,6,9,0,2,113,4,104
1416,2,6,14,0,1,96,4.5,80
1417,3,6,16,0,2,184,4,155
1418,6,0,9,0,2,170,5,144
1419,4,0,14,0,5,37,4.6,28
1420,6,0,14,0,5,174,4.1,117
1421,12,5,14,0,5,144,4.7,144
1422,8,2,14,1,5,39,4,31
1423,10,5,14,0,2,91,4.1,73
1424,11,2,16,0,2,129,3.7,62
1425,8,0,14,0,4,114,4.8,101
1426,10,6,9,0,1,62,4.9,62
1427,10,3,14,0,1,61,4.2,41
1428,11,0,9,0,3,40,4,29
1429,7,3,9,0,4,22,4.6,19
1430,11,0,16,0,2,62,4.7,50
1431,6,2,16,0,2,48,3.8,32
1432,9,5,16,0,3,56,3.5,43
1433,7,2,14,0,5,200,3.8,137
1434,1,4,14,0,2,143,4.6,107
1435,6,0,9,0,5,172,4.9,152
1436,12,1,16,0,4,85,4.8,59
1437,5,4,14,0,4,136,3.9,94
1438,9,0,16,0,4,199,4.9,160
1439,12,2,9,1,4,52,3.7,42
1440,5,6,14,0,1,176,3.8,143
1441,6,6,9,0,1,52,4.4,45
1442,5,1,14,0,1,34,4.1,23
1443,12,3,14,0,1,178,4.2,113
1444,9,6,14,0,4,142,3.7,107
1445,8,0,16,0,1,102,3.5,59
1446,7,1,16,1,1,53,4.4,43
1447,9,1,9,0,2,128,5,126
1448,12,5,9,0,1,82,4.7,81
1449,10,0,14,0,1,161,3.7,95
1450,12,5,9,0,1,145,4.9,145
1451,6,3,16,0,4,167,4.9,133
1452,5,6,16,0,2,94,4.2,76
1453,2,5,14,1,3,158,3.6,115
1454,3,1,14,0,4,106,4.7,83
1455,10,6,16,0,4,168,4.5,143
1456,8,1,14,0,3,50,4.3,34
1457,8,3,16,0,1,32,3.9,21
1458,10,0,16,0,4,124,4.4,84
1459,7,4,14,0,3,158,4.5,102
1460,2,1,9,0,4,56,3.6,35
1461,10,3,14,0,4,156,3.6,93
1462,1,3,14,0,5,169,4.1,121
1463,9,2,9,0,3,142,4.2,99
1464,1,4,9,1,3,78,3.9,63
1465,9,5,16,0,3,151,4.7,151
1466,8,4,9,0,5,161,3.6,110
1467,12,3,9,0,2,70,4.8,63
1468,10,1,9,1,1,89,4.3,69
1469,8,3,16,0,3,29,4.5,19
1470,5,2,14,0,3,63,3.7,41
1471,12,3,16,0,5,62,4.7,53
1472,5,2,14,0,2,104,3.9,74
1473,12,4,16,1,4,175,3.6,129
1474,8,4,9,0,2,86,4.4,71
1475,12,3,16,0,3,26,4.1,19
1476,4,5,9,0,4,184,4.4,151
1477,7,6,9,0,1,90,4.1,83
1478,4,3,9,0,4,190,3.5,102
1479,3,4,16,0,2,88,4.3,55
1480,3,3,9,0,4,37,4.6,32
1481,1,6,9,1,4,20,4.2,18
1482,3,1,9,0,1,170,4.6,126
1483,11,6,14,0,4,66,4.9,59
1484,4,5,14,1,5,143,4.1,119
1485,5,3,14,0,4,74,3.7,43
1486,2,5,14,0,3,173,3.8,158
1487,4,4,14,0,3,69,4,49
1488,2,0,14,0,1,127,4.4,91
1489,1,2,9,0,5,58,4.9,52
1490,10,6,14,0,2,166,3.6,145
1491,4,4,16,0,2,27,4.6,21
1492,5,2,14,0,3,90,4.2,61
1493,2,4,14,0,5,187,3.9,136
1494,5,1,9,0,5,109,3.8,82
1495,7,5,14,0,1,20,4.7,20
1496,7,3,16,0,2,58,4.7,45
1497,3,0,9,0,1,69,4.4,53
1498,11,2,14,0,1,138,3.8,94
1499,11,5,16,0,4,153,4.6,152
1500,12,4,9,0,4,47,4.3,34
1501,1,2,9,0,5,155,4.1,99
1502,10,6,14,0,2,127,4.6,117
1503,12,3,16,0,5,32,4,21
1504,8,6,9,0,3,138,4.5,131
1505,6,5,14,0,2,132,4.2,113
1506,12,0,14,0,1,41,4.6,34
1507,2,4,14,0,3,63,4.1,46
1508,4,0,14,0,2,120,4.9,104
1509,6,1,14,0,4,107,3.6,67
1510,4,0,16,0,4,42,3.7,26
1511,8,3,14,0,5,92,4.2,79
1512,8,3,16,0,4,164,3.6,85
1513,11,5,16,0,5,23,4.2,19
1514,12,5,16,0,4,119,4.6,118
1515,9,3,16,0,3,111,4.8,93
1516,9,5,14,0,4,77,4.9,69
1517,1,0,16,0,1,107,4.3,69
1518,8,4,9,0,1,29,4.6,24
1519,10,3,9,0,2,101,4.4,73
1520,3,1,9,0,1,24,4.2,17
1521,9,1,16,0,3,66,4.5,44
1522,6,1,14,0,5,80,4.2,54
1523,1,3,9,0,3,73,3.6,48
1524,1,4,9,1,2,47,3.6,31
1525,11,5,16,0,2,106,3.8,87
1526,8,1,9,0,3,143,4.3,127
1527,7,3,14,0,2,33,3.7,18
1528,4,0,9,0,3,78,4.9,66
1529,7,0,16,0,5,174,4.2,125
1530,4,0,9,0,5,133,3.9,91
1531,6,3,14,0,5,134,3.9,101
1532,4,0,14,0,2,142,4.9,119
1533,5,2,14,0,4,141,4.9,114
1534,11,5,16,0,5,56,4.6,51
1535,11,1,14,0,2,44,4.1,27
1536,1,4,16,0,5,200,4.5,148
1537,6,2,14,0,5,48,3.5,30
1538,9,5,16,0,3,95,4.7,86
1539,6,6,14,0,3,55,4,44
1540,12,1,9,0,2,79,4.8,70
1541,7,1,14,1,3,70,3.9,58
1542,4,4,14,0,4,145,3.6,83
1543,6,2,9,0,2,117,4.3,88
1544,3,3,14,1,3,21,4,19
1545,11,5,14,0,4,56,4.2,44
1546,12,3,9,0,1,48,4.9,43
1547,11,1,14,0,2,171,5,139
1548,11,4,16,0,3,29,4.7,20
1549,11,2,14,1,3,110,4.6,110
1550,12,6,9,0,5,44,4.1,41
1551,10,3,16,0,1,147,4.2,107
1552,2,4,14,0,1,46,3.6,29
1553,6,1,16,0,1,135,4.5,97
1554,9,2,9,0,1,61,5,49
1555,4,6,16,0,5,193,4.6,173
1556,8,0,16,0,1,155,3.7,99
1557,5,1,16,0,1,32,4.3,22
1558,8,4,9,0,1,97,3.5,62
1559,6,0,9,0,2,62,3.6,41
1560,3,3,16,1,4,50,3.8,44
1561,9,3,16,0,3,23,4.5,15
1562,4,6,9,0,4,142,5,142
1563,5,4,9,0,5,96,4.5,75
1564,8,5,16,0,1,52,3.7,35
1565,10,0,14,0,3,118,3.7,66
1566,10,0,14,0,1,58,4.9,48
1567,5,6,14,0,4,125,4.9,119
1568,3,4,16,1,4,173,4.1,165
1569,2,5,16,1,2,64,4,56
1570,4,2,14,0,5,191,3.6,115
1571,8,3,14,0,1,54,3.9,41
1572,7,3,14,0,2,44,4.7,33
1573,5,6,9,0,1,82,4.7,82
1574,7,2,16,0,5,110,4.6,85
1575,5,0,9,0,2,41,4.8,33
1576,7,4,16,0,2,27,3.9,18
1577,3,4,16,0,3,48,4.1,34
1578,11,0,9,0,5,20,4.2,14
1579,9,0,14,0,3,45,4.1,31
1580,12,1,16,0,3,128,4.3,82
1581,3,2,14,0,4,30,4.6,24
1582,3,5,14,1,3,153,4.4,146
1583,3,1,16,0,4,35,4.2,23
1584,12,3,14,0,5,185,4.2,112
1585,4,1,16,0,1,188,4.7,151
1586,5,2,16,0,4,114,3.9,81
1587,12,5,9,0,2,144,4.4,128
1588,12,0,16,0,4,187,4.9,151
1589,5,0,16,0,2,136,4.9,119
1590,9,6,14,0,3,165,4.5,142
1591,2,2,14,0,4,191,4.7,138
1592,3,0,14,0,2,51,4,32
1593,5,5,9,0,1,190,4.6,190
1594,10,6,16,1,1,199,4.5,189
1595,10,6,16,0,1,32,3.7,22
1596,7,1,14,0,4,58,4.6,46
1597,10,3,9,0,1,193,3.6,121
1598,8,6,14,0,4,178,4.1,141
1599,11,6,16,1,1,182,4,146
1600,12,1,16,0,4,41,3.7,25
1601,1,5,9,0,1,162,4.1,152
1602,9,0,14,0,4,108,4.5,72
1603,8,4,9,0,1,71,4,55
1604,4,0,14,0,3,84,4.4,62
1605,9,6,14,0,5,169,4.7,163
1606,3,6,14,1,4,145,4.2,136
1607,9,1,14,0,5,169,4.1,104
1608,1,6,16,0,1,171,4.7,160
1609,10,6,9,0,2,93,4.6,93
1610,12,1,16,0,2,82,4.6,58
1611,4,5,14,0,5,106,4.1,95
1612,4,2,16,0,5,74,4.2,49
1613,1,0,16,0,1,183,4.5,125
1614,8,5,16,0,1,100,3.7,78
1615,1,6,14,0,2,116,3.6,94
1616,6,2,9,0,2,148,3.7,93
1617,12,2,9,0,4,185,5,159
1618,7,1,14,0,1,143,4.2,101
1619,4,2,9,0,4,82,4.9,78
1620,7,6,14,0,1,23,3.7,15
1621,3,2,9,0,2,31,4,26
1622,12,4,9,1,2,127,3.9,113
1623,11,6,16,0,5,71,5,66
1624,9,5,9,0,5,182,4.7,182
1625,5,2,16,0,3,122,3.7,78
1626,8,0,14,0,3,184,5,140
1627,9,0,9,0,3,137,3.7,85
1628,2,5,14,0,5,99,4.4,77
1629,10,5,14,0,2,140,3.8,119
1630,6,4,9,0,5,139,3.6,88
1631,8,4,14,0,2,182,4.5,119
1632,7,1,9,0,2,183,4.4,140
1633,6,1,14,0,5,193,4.7,136
1634,6,5,14,0,5,122,4.6,109
1635,3,0,14,0,4,103,4.4,76
1636,1,6,14,0,4,32,4.3,28
1637,10,4,16,0,4,167,4.1,123
1638,11,6,16,0,4,87,4.9,87
1639,8,5,14,0,1,103,4.8,102
1640,8,4,14,0,1,89,3.9,58
1641,8,2,9,0,5,115,4.5,78
1642,1,0,16,1,4,66,4.3,58
1643,6,5,16,0,4,152,4.9,152
1644,1,5,14,0,2,86,4,74
1645,5,6,16,0,4,127,4,106
1646,5,6,14,1,4,82,3.7,68
1647,8,6,16,0,1,24,4.3,21
1648,6,6,9,0,2,156,4.4,141
1649,7,4,14,0,1,137,4.4,95
1650,8,5,9,0,3,140,3.6,121
1651,12,5,16,0,5,136,4.9,120
1652,3,5,14,0,3,20,4.5,17
1653,2,6,9,0,2,36,4.8,35
1654,8,4,14,0,1,162,3.7,93
1655,5,0,14,1,5,93,3.7,69
1656,4,2,9,0,3,111,4.7,86
1657,4,3,16,0,1,41,4.5,25
1658,7,6,16,0,3,169,3.8,152
1659,7,5,14,0,2,189,4.4,158
1660,9,5,14,0,3,166,3.8,144
1661,11,4,14,0,2,49,4.9,38
1662,7,2,14,0,2,59,3.6,30
1663,10,6,16,0,1,68,4.2,56
1664,3,1,16,0,5,22,4.8,17
1665,10,4,14,0,1,61,3.9,37
1666,5,2,14,1,4,98,4.8,96
1667,4,2,14,0,5,152,4.3,99
1668,2,4,9,0,5,72,4.4,55
1669,3,3,14,0,4,187,4.8,149
1670,12,4,16,0,4,110,4.4,87
1671,1,0,16,0,3,76,4.7,61
1672,8,4,16,0,1,174,4.5,121
1673,2,1,16,0,4,134,3.8,94
1674,7,2,9,0,4,86,4.2,60
1675,10,3,9,0,1,158,4.4,126
1676,6,0,9,0,4,138,4.2,104
1677,1,2,16,0,1,164,4.6,128
1678,12,0,16,0,2,98,3.9,67
1679,7,5,14,0,2,23,4.5,20
1680,1,0,14,0,5,77,4.6,65
1681,10,6,9,0,3,173,4.3,162
1682,11,2,16,0,2,30,4.9,24
1683,4,6,14,0,2,69,4.8,65
1684,2,5,9,0,3,190,3.8,162
1685,8,5,16,1,5,113,4.8,104
1686,10,2,9,0,4,167,4.5,137
1687,4,4,9,0,5,85,4.5,59
1688,11,6,14,1,5,137,3.7,97
1689,4,4,9,0,5,113,3.7,73
1690,3,1,16,1,3,33,4.7,32
1691,7,5,14,0,1,170,4.1,149
1692,7,0,9,0,1,68,4.2,47
1693,6,5,14,0,4,153,5,131
1694,6,6,9,0,4,151,4.6,145
1695,11,3,9,0,2,132,5,111
1696,5,1,9,0,2,191,4.2,185
1697,10,6,16,0,3,102,4.3,79
1698,11,1,9,0,5,43,4.9,36
1699,3,0,14,0,3,156,3.5,83
1700,2,4,9,0,1,141,3.7,80
1701,11,0,14,0,5,21,5,16
1702,6,6,14,0,3,74,3.7,56
1703,10,6,9,0,2,158,4.3,144
1704,5,1,16,0,5,78,4.9,61
1705,7,4,9,0,2,129,4,96
1706,6,3,14,0,3,150,4.2,105
1707,5,6,9,0,4,137,4.3,124
1708,11,1,16,0,1,90,4.9,74
1709,3,2,16,1,3,187,4.4,152
1710,11,1,14,0,1,39,4.3,29
1711,7,4,9,0,1,33,4,24
1712,2,5,16,0,1,26,4.9,21
1713,8,5,14,0,4,95,3.9,83
1714,12,5,16,0,5,49,4.1,41
1715,1,3,9,1,1,24,3.6,20
1716,9,5,16,0,5,102,3.5,72
1717,10,6,14,0,3,35,4.2,26
1718,5,3,16,0,1,126,3.8,84
1719,1,2,16,0,4,43,4.4,29
1720,8,2,14,0,1,129,3.8,85
1721,9,3,16,1,5,28,3.7,22
1722,4,2,14,0,3,164,4.3,118
1723,8,2,16,1,1,28,3.8,23
1724,6,0,14,0,2,140,4.1,108
1725,9,0,14,1,2,144,4.5,121
1726,5,4,14,0,3,110,4.4,80
1727,5,3,16,1,5,180,3.8,141
1728,4,1,14,0,3,117,4.5,80
1729,2,3,14,0,2,124,4.6,93
1730,4,3,9,0,1,199,4.6,172
1731,4,2,16,0,1,30,3.8,19
1732,3,1,9,0,1,27,5,22
1733,4,1,9,0,2,170,4.2,112
1734,3,5,16,1,3,122,4.4,99
1735,4,2,16,0,2,196,3.6,121
1736,4,2,9,0,2,76,3.6,57
1737,6,4,9,0,1,87,3.9,59
1738,12,0,9,0,2,169,4.5,135
1739,10,4,9,0,1,183,4.8,138
1740,3,2,16,0,1,32,3.9,20
1741,8,1,16,0,2,31,4.1,23
1742,3,6,16,0,4,197,4.3,179
1743,9,6,16,0,2,35,4.3,30
1744,1,1,9,1,3,177,4.8,175
1745,8,0,9,0,3,58,4.6,49
1746,7,2,14,0,2,150,4.1,100
1747,2,3,16,0,5,26,4.6,21
1748,7,4,16,0,3,156,4.9,134
1749,4,5,14,0,2,123,4.6,123
1750,9,1,16,0,5,156,4.4,116
1751,3,0,14,0,3,27,4.2,16
1752,8,6,9,0,1,193,3.8,192
1753,10,3,16,0,3,25,4.4,17
1754,10,5,9,0,3,89,4.2,87
1755,10,3,16,0,4,124,3.8,88
1756,7,4,14,0,5,157,5,121
1757,9,3,9,1,3,59,3.9,49
1758,6,1,9,0,4,152,4.7,124
1759,4,3,9,0,2,70,4.6,55
1760,1,2,16,0,3,63,4.2,46
1761,10,4,16,0,3,74,4.4,48
1762,2,3,14,0,2,74,4.8,60
1763,5,1,14,0,1,183,4.8,130
1764,3,6,16,0,3,106,3.9,82
1765,11,1,14,0,5,187,4.5,136
1766,1,6,14,0,4,48,4,34
1767,3,3,9,0,3,159,3.8,133
1768,12,0,14,0,2,107,4.2,79
1769,5,0,14,0,3,66,3.9,47
1770,1,1,14,0,3,145,4.3,97
1771,10,4,14,0,1,184,4.6,154
1772,4,4,9,0,2,178,4,138
1773,8,1,16,0,5,193,3.8,120
1774,1,4,16,1,4,94,3.9,78
1775,11,2,16,0,2,67,4.1,45
1776,11,1,14,0,5,77,4.5,46
1777,1,0,14,0,4,145,3.8,104
1778,10,4,9,0,1,20,5,16
1779,3,6,9,0,1,29,4.1,26
1780,10,4,16,0,3,154,3.8,103
1781,3,1,14,0,2,60,5,43
1782,5,1,16,0,4,54,4.4,38
1783,8,5,16,0,2,118,4.7,117
1784,4,6,9,0,4,34,4.8,33
1785,9,6,14,0,1,148,4.3,118
1786,6,2,14,0,5,83,4,52
1787,9,3,14,0,2,104,4.9,82
1788,5,4,9,0,4,42,4.6,37
1789,11,1,9,0,2,94,4.1,72
1790,7,1,14,0,1,116,4.8,86
1791,1,4,9,0,2,154,4.5,115
1792,4,2,14,0,2,107,4.9,92
1793,5,2,14,0,4,58,4,38
1794,11,0,9,0,5,112,4.1,78
1795,12,6,14,0,2,52,4.3,48
1796,8,2,14,0,5,31,3.7,19
1797,11,1,16,0,2,24,4.5,16
1798,1,2,14,0,5,104,4.5,73
1799,9,3,14,1,4,109,4.6,96
1800,12,2,9,0,5,165,3.8,128
1801,2,6,16,0,3,176,4.7,162
1802,2,2,16,0,5,59,4,37
1803,10,1,9,0,5,130,4.2,87
1804,1,1,9,0,4,81,4,62
1805,12,4,9,0,5,81,4.6,73
1806,9,5,16,0,1,71,4.5,55
1807,4,0,16,0,3,151,3.9,101
1808,7,0,16,0,4,144,4,101
1809,7,5,14,0,4,124,4,109
1810,12,0,9,0,4,147,4.4,105
1811,5,1,9,0,2,53,4.5,38
1812,5,1,9,0,5,45,4,32
1813,2,1,9,0,2,141,4.1,110
1814,5,0,16,0,4,120,4.1,84
1815,5,5,9,0,2,147,4.8,129
1816,3,6,9,1,5,89,4.3,82
1817,2,6,14,0,3,156,4.8,144
1818,8,3,16,0,1,58,3.5,26
1819,2,3,9,0,1,122,5,104
1820,8,3,16,0,5,67,4.9,48
1821,3,4,9,0,1,117,3.6,74
1822,9,0,14,0,2,46,4.4,35
1823,10,2,9,0,3,54,4.9,47
1824,3,0,16,0,4,105,4.2,77
1825,5,3,16,0,4,130,3.7,79
1826,5,6,14,0,3,149,3.9,129
1827,4,0,9,0,1,39,3.9,30
1828,3,0,9,0,2,52,3.6,34
1829,5,1,16,0,1,161,4.3,115
1830,8,5,9,0,5,177,3.6,133
1831,11,4,9,0,5,42,4.3,28
1832,3,5,16,1,5,95,4.1,86
1833,8,5,14,1,3,49,4.7,46
1834,1,1,9,1,4,88,3.8,75
1835,4,0,14,0,3,156,3.7,92
1836,3,6,16,0,5,97,4.7,95
1837,12,6,9,0,4,76,4.1,74
1838,10,3,9,1,3,107,4.5,88
1839,7,1,9,1,5,179,4.3,158
1840,8,2,14,0,5,75,3.6,46
1841,12,0,16,0,1,77,4.6,61
1842,5,1,16,0,4,55,4.1,38
1843,1,1,9,0,3,88,3.6,61
1844,3,5,16,0,5,88,3.5,67
1845,1,1,16,0,2,95,3.7,45
1846,12,2,14,0,5,37,3.6,20
1847,10,6,14,0,1,176,3.9,145
1848,2,4,9,1,4,147,4.7,147
1849,2,5,9,0,4,179,4.9,179
1850,1,4,14,0,5,165,5,135
1851,11,6,9,0,1,156,4.3,144
1852,8,3,16,0,4,185,3.9,124
1853,7,3,9,0,4,195,4.5,149
1854,3,3,16,0,1,77,3.6,41
1855,2,2,16,0,5,51,4.7,37
1856,4,6,14,1,2,189,3.9,150
1857,1,0,16,0,4,98,4.9,75
1858,3,0,9,0,1,143,3.5,96
1859,12,3,9,0,1,196,4.4,149
1860,12,5,16,0,5,188,4,150
1861,11,3,9,0,4,101,4.7,86
1862,8,5,9,0,1,120,4.5,110
1863,10,2,14,0,3,102,4.9,82
1864,9,6,14,0,3,54,4.9,51
1865,12,5,14,1,4,22,4.6,20
1866,8,6,14,0,3,197,4.6,197
1867,4,3,16,0,5,66,4.5,44
1868,2,3,9,0,1,93,4.5,72
1869,11,3,14,0,4,91,3.9,71
1870,7,2,16,0,4,47,3.6,33
1871,8,6,16,0,4,78,4,69
1872,2,3,9,1,5,186,4.7,180
1873,6,2,14,0,2,41,3.8,25
1874,6,1,9,0,2,148,4.4,100
1875,1,0,9,0,1,128,4.5,105
1876,1,5,9,0,2,118,4.6,116
1877,11,3,9,0,3,194,5,159
1878,7,5,14,1,5,117,4.4,97
1879,11,2,16,1,1,176,4.8,159
1880,7,5,14,0,2,101,4.9,101
1881,5,3,16,0,4,24,4.7,19
1882,4,0,9,0,3,105,4.6,89
1883,4,3,16,0,1,24,3.8,15
1884,12,5,9,0,4,110,4.4,94
1885,3,0,14,0,2,113,4.8,77
1886,11,4,16,0,3,92,4.1,61
1887,1,5,9,0,3,25,4.4,22
1888,10,3,9,1,4,62,5,58
1889,3,4,14,1,2,115,4.3,107
1890,12,2,16,0,1,133,4.3,88
1891,6,0,9,0,5,75,4.4,52
1892,7,3,14,0,1,181,4.7,155
1893,7,3,16,0,3,70,4.5,49
1894,9,0,14,0,2,102,4.5,76
1895,6,0,14,0,1,200,4.2,136
1896,3,1,16,0,2,103,4,71
1897,9,3,9,0,2,91,4.4,72
1898,9,0,16,0,1,105,4.8,87
1899,4,5,16,0,3,175,4.7,169
1900,10,2,14,0,5,180,4,130
1901,8,6,9,0,5,143,3.6,110
1902,9,0,9,0,5,84,4.7,66
1903,12,2,16,0,3,43,4.9,34
1904,7,5,14,0,4,52,4.2,44
1905,6,6,9,0,2,120,5,111
1906,11,3,14,0,1,83,3.9,58
1907,10,1,14,0,5,182,4.5,128
1908,6,6,16,1,2,88,4.9,81
1909,3,2,16,0,2,147,4.7,121
1910,10,6,9,0,4,156,3.7,126
1911,2,1,14,0,4,31,4.3,21
1912,6,4,14,0,2,132,4.4,100
1913,2,1,14,1,4,65,5,63
1914,2,6,9,0,5,33,3.7,27
1915,11,5,9,0,5,173,3.8,142
1916,11,4,9,1,3,107,3.7,82
1917,6,2,9,1,5,76,4.7,69
1918,4,6,16,0,5,187,3.9,145
1919,7,3,14,0,5,85,3.9,61
1920,12,6,14,1,1,144,3.6,109
1921,12,1,9,0,5,108,4.1,80
1922,2,6,14,0,3,80,4.7,73
1923,8,1,16,0,2,195,3.6,140
1924,9,1,14,0,5,110,3.8,82
1925,2,3,14,0,5,173,4.7,140
1926,1,2,9,0,2,158,4.2,126
1927,5,6,9,0,2,63,5,63
1928,9,1,16,0,2,143,4.2,76
1929,2,3,16,0,4,175,4.2,110
1930,5,2,14,0,5,93,4.5,60
1931,9,3,16,0,1,60,4.4,41
1932,7,4,14,0,1,90,4.1,64
1933,11,6,14,0,3,180,4.1,159
1934,6,3,16,0,3,65,4.8,47
1935,10,2,14,0,4,84,4,56
1936,4,5,14,0,3,140,3.7,102
1937,7,5,14,0,2,189,4.1,168
1938,8,4,9,0,5,133,4.2,91
1939,10,5,14,0,1,94,3.9,84
1940,7,6,16,0,1,124,5,114
1941,1,5,9,1,2,20,4.3,18
1942,4,1,16,1,2,130,4.2,105
1943,8,2,9,0,4,125,3.9,95
1944,11,5,16,0,5,118,4.5,98
1945,4,2,16,0,4,136,3.7,92
1946,1,2,16,0,5,59,3.8,38
1947,8,6,16,0,2,30,3.9,26
1948,1,3,9,0,2,40,3.8,28
1949,7,0,16,0,5,150,5,115
1950,2,0,14,0,4,40,3.6,24
1951,7,5,9,0,3,111,4.3,105
1952,6,6,16,1,5,139,4.3,110
1953,9,3,16,0,2,149,4.7,113
1954,3,6,9,0,2,166,3.7,137
1955,2,5,16,0,2,147,3.9,133
1956,1,4,16,1,5,146,4.9,144
1957,2,6,14,0,4,20,4.3,18
1958,3,5,16,0,1,174,4.7,146
1959,7,2,14,0,1,40,4.8,33
1960,8,4,16,0,2,101,4,72
1961,7,5,14,0,1,119,3.9,101
1962,11,1,14,0,5,50,4.1,39
1963,3,6,9,1,1,187,4.3,164
1964,12,2,14,0,5,128,3.6,81
1965,4,1,14,0,1,161,4.4,114
1966,11,3,9,0,1,111,3.8,82
1967,5,6,14,0,1,189,4.9,171
1968,6,2,16,0,2,124,4.5,80
1969,9,2,9,0,2,130,5,110
1970,8,2,14,0,4,107,4.9,76
1971,5,5,9,0,1,34,3.9,32
1972,6,2,9,0,2,187,3.6,124
1973,4,6,9,0,3,90,4.2,78
1974,6,2,16,0,4,171,5,141
1975,12,1,14,1,4,96,4.1,83
1976,11,3,16,0,2,104,3.8,70
1977,1,5,16,0,1,73,4.1,62
1978,4,1,9,0,1,117,3.8,97
1979,3,6,16,0,5,137,4.4,100
1980,9,1,9,0,4,45,3.6,30
1981,3,0,14,0,4,161,3.8,104
1982,11,1,14,0,4,188,3.5,112
1983,11,4,14,0,4,77,4.2,47
1984,6,6,16,0,1,186,3.9,150
1985,5,6,9,0,4,145,4.2,136
1986,8,6,16,0,4,54,3.8,50
1987,11,4,14,0,1,38,3.8,24
1988,7,4,9,0,5,86,4.5,70
1989,8,4,9,0,5,50,3.5,35
1990,10,4,16,0,2,124,5,101
1991,2,3,16,0,1,60,4.8,49
1992,11,4,9,0,2,82,4.8,76
1993,2,5,9,0,4,20,3.6,16
1994,10,5,16,0,1,118,4.6,107
1995,4,2,14,0,5,170,4.9,127
1996,8,0,9,0,5,35,4,29
1997,9,0,16,0,3,111,4.2,75
1998,2,0,14,0,5,49,4.3,36
1999,1,0,14,1,3,88,4.9,85
2000,10,3,16,0,4,181,4.6,136
2001,6,1,16,0,2,65,3.6,33
2002,12,6,16,0,5,84,4.9,79
2003,5,0,9,0,4,77,4.5,60
2004,12,6,14,0,3,111,4.6,105
2005,7,2,14,0,4,105,3.9,76
2006,2,3,9,0,4,73,4.9,63
2007,9,4,16,0,4,166,4.9,136
2008,10,0,16,0,5,74,4.8,55
2009,6,1,9,0,5,144,4.4,107
2010,2,6,14,0,2,54,4.6,51
2011,8,4,9,0,5,116,4.9,93
2012,12,2,16,0,4,122,4.9,101
2013,4,6,16,0,4,84,3.9,69
2014,7,0,14,0,4,124,3.6,74
2015,9,2,9,0,3,194,3.5,129
2016,8,0,9,0,1,154,4.7,127
2017,5,2,9,0,2,68,4.6,63
2018,5,1,14,0,4,123,4.6,87
2019,7,3,14,0,2,169,5,130
2020,8,3,14,0,5,60,3.6,32
2021,2,0,16,0,2,152,4.3,109
2022,5,5,9,0,4,156,4.5,140
2023,8,4,9,0,4,198,4,140
2024,1,5,14,0,5,52,3.5,40
2025,9,6,9,0,2,140,4.9,140
2026,4,0,14,0,3,162,4.1,126
2027,3,1,16,0,5,99,4.3,66
2028,9,5,9,0,2,113,3.5,89
2029,12,2,14,0,2,152,4.8,130
2030,5,1,9,0,3,139,4.8,111
2031,8,5,14,1,5,20,4.3,14
2032,4,2,9,0,4,60,5,48
2033,3,6,16,1,2,152,4.3,129
2034,9,0,16,0,3,35,4.3,23
2035,9,2,14,0,4,93,4.6,68
2036,8,2,14,0,3,174,3.9,117
2037,12,2,16,0,4,145,4,99
2038,2,6,14,0,3,113,4.9,113
2039,10,0,9,0,2,166,4.5,126
2040,11,0,16,1,5,194,4,156
2041,7,4,14,0,1,105,4.5,75
2042,1,6,16,0,5,192,4.3,156
2043,4,4,9,0,2,26,5,23
2044,10,6,9,0,2,138,4.2,120
2045,1,0,9,0,4,35,4,28
2046,2,4,14,0,1,196,3.9,130
2047,5,5,14,0,2,127,4.2,113
2048,2,6,9,0,1,147,3.6,122
2049,8,2,9,0,2,22,3.7,14
2050,11,0,14,0,4,154,5,116
2051,1,2,16,0,4,139,4.2,103
2052,11,1,16,0,2,177,4.9,147
2053,12,6,16,1,3,187,4.2,156
2054,7,5,16,0,3,198,3.6,143
2055,8,2,14,0,1,167,3.7,100
2056,9,1,16,0,1,31,4.6,24
2057,9,2,14,0,4,134,3.5,80
2058,9,0,14,0,1,72,4.6,62
2059,9,0,9,0,5,155,4.1,114
2060,2,2,14,0,5,130,4.2,89
2061,6,4,14,0,1,30,3.6,15
2062,8,1,9,0,2,158,3.8,113
2063,4,1,16,0,4,178,3.9,133
2064,6,1,16,0,5,192,4.4,149
2065,10,3,14,1,2,158,4.7,139
2066,6,2,9,1,2,76,4.7,76
2067,9,1,9,0,1,167,3.5,109
2068,5,1,14,0,4,151,4.3,92
2069,11,6,16,0,5,132,3.9,128
2070,12,1,14,0,2,146,4.5,108
2071,6,3,14,0,3,119,4.2,81
2072,7,6,16,0,1,184,4.1,163
2073,5,2,9,0,1,163,4.9,142
2074,12,2,14,0,3,174,4.9,138
2075,2,3,16,0,3,66,4.4,43
2076,3,2,14,0,2,48,4.8,42
2077,12,1,16,0,5,103,4.2,68
2078,12,3,14,0,1,167,4.7,127
2079,8,0,14,0,2,180,3.7,126
2080,11,5,9,0,4,85,3.8,79
2081,1,3,14,0,2,101,3.5,62
2082,1,4,9,0,4,21,4.8,18
2083,5,6,14,0,2,43,4,37
2084,1,1,14,0,4,147,4.5,94
2085,5,6,16,0,5,39,3.6,25
2086,5,0,16,0,4,52,4.4,38
2087,11,3,9,0,5,129,3.7,79
2088,8,5,16,0,1,52,4.4,40
2089,11,4,16,0,2,146,3.9,93
2090,4,2,16,0,4,174,4.4,137
2091,8,0,9,1,2,29,4.6,27
2092,3,0,9,0,2,109,4.3,76
2093,3,2,9,0,5,149,4.6,117
2094,5,3,16,0,2,82,4.4,54
2095,11,6,9,0,1,39,4.3,32
2096,9,1,14,0,5,163,3.7,93
2097,8,3,9,0,5,133,4.3,104
2098,1,3,16,1,1,26,3.7,17
2099,12,2,16,0,2,155,3.8,105
2100,12,6,14,0,5,175,4.8,172
2101,7,1,9,0,4,123,4,87
2102,4,0,9,0,1,29,4.9,22
2103,10,6,16,0,1,128,4.4,115
2104,5,6,9,0,2,107,4.7,93
2105,8,4,16,0,3,33,4.1,22
2106,9,5,16,1,1,194,5,192
2107,3,3,16,0,4,115,4.6,83
2108,2,4,14,0,5,167,5,132
2109,7,6,16,0,1,134,4.2,110
2110,2,4,9,0,3,20,3.5,13
2111,8,0,9,1,1,89,4.4,84
2112,5,1,9,0,2,93,4.9,73
2113,7,4,9,0,1,110,4.5,83
2114,11,6,16,1,1,174,4.2,132
2115,3,5,16,0,1,184,4.5,143
2116,9,1,14,0,4,156,3.8,108
2117,2,0,16,0,1,81,3.7,49
2118,11,3,9,0,5,56,4,42
2119,8,1,14,1,1,141,4.4,123
2120,7,6,9,0,2,30,4.8,30
2121,4,4,14,0,2,95,4.4,68
2122,12,2,16,0,4,189,4,139
2123,8,3,9,0,2,179,3.5,105
2124,12,1,14,0,5,98,4.4,73
2125,12,5,9,0,5,41,4.8,41
2126,6,1,16,0,2,55,4.5,35
2127,2,3,9,0,4,142,3.9,108
2128,8,1,9,1,1,142,4.9,138
2129,1,1,16,0,2,119,4.8,90
2130,7,4,9,0,5,140,4.2,106
2131,2,2,9,0,3,22,4.9,17
2132,4,1,16,0,5,145,4.5,100
2133,4,6,9,0,1,55,4.6,55
2134,12,4,16,0,4,162,4.2,119
2135,11,6,16,0,2,162,4.7,162
2136,9,1,9,0,2,134,4.9,100
2137,12,5,14,0,5,128,4.5,114
2138,8,5,9,0,2,47,3.7,40
2139,12,1,14,0,2,124,4,97
2140,7,3,14,0,4,134,3.8,107
2141,4,0,9,0,2,43,4.6,39
2142,10,5,9,0,2,62,4.5,52
2143,4,3,16,1,5,76,4.8,69
2144,3,3,16,0,4,80,4.4,59
2145,1,0,9,0,5,165,5,139
2146,2,1,14,0,5,173,3.7,102
2147,10,3,16,0,2,108,4.9,95
2148,9,2,14,0,2,58,4.6,49
2149,6,0,14,0,5,35,4.5,24
2150,11,1,9,0,5,52,4,41
2151,1,4,14,1,3,199,4.5,166
2152,3,3,16,1,5,177,4.4,137
2153,11,3,16,0,5,42,4.7,32
2154,9,5,14,0,4,130,4.9,117
2155,1,6,9,0,1,84,4.6,84
2156,6,3,14,0,3,111,4.9,101
2157,7,6,16,0,3,31,3.5,25
2158,6,0,14,0,1,160,4.7,126
2159,11,1,16,0,4,153,4.8,124
2160,1,0,14,0,4,97,3.7,61
2161,11,2,14,0,5,132,3.8,93
2162,12,1,16,0,4,103,4.9,74
2163,6,1,16,0,2,100,4.2,74
2164,4,6,9,0,1,178,4.8,172
2165,8,4,16,0,4,73,3.6,42
2166,10,0,14,0,5,200,4.5,124
2167,7,0,9,0,5,137,3.6,81
2168,1,1,9,0,4,96,4.9,88
2169,12,2,14,0,2,87,4.4,64
2170,6,6,9,0,5,174,4.5,165
2171,10,4,16,0,5,111,3.9,81
2172,5,5,16,0,4,124,4.9,110
2173,4,1,16,0,1,183,4.4,140
2174,7,0,16,0,3,33,4.2,23
2175,2,6,14,0,4,32,4.4,26
2176,9,3,14,0,2,105,4.5,79
2177,3,3,9,0,3,113,5,96
2178,11,3,16,0,3,126,4.7,90
2179,4,2,16,0,4,100,4.2,72
2180,6,2,16,0,3,163,4.5,112
2181,12,1,9,0,1,61,3.7,45
2182,2,5,9,0,2,62,4.5,52
2183,1,0,16,0,1,110,4.1,81
2184,1,4,14,0,3,133,3.8,88
2185,3,1,16,0,1,21,4,16
2186,6,3,14,0,5,188,3.5,120
2187,7,5,14,0,1,40,3.6,32
2188,3,4,16,0,4,183,4.5,125
2189,12,1,16,0,4,94,5,70
2190,11,4,9,0,4,83,4.5,60
2191,9,5,9,0,2,154,4.1,139
2192,3,1,9,0,3,52,4.2,38
2193,6,1,14,1,3,65,4.6,59
2194,1,4,9,0,2,54,4.2,37
2195,7,5,14,1,3,187,3.8,170
2196,9,0,14,0,4,45,4.2,31
2197,10,5,14,0,1,26,3.9,21
2198,8,4,9,0,5,140,3.8,113
2199,8,6,14,0,5,23,3.8,20
2200,4,6,9,0,5,162,4.8,149
2201,3,5,16,0,2,155,4.1,138
2202,8,4,9,0,4,90,4.9,72
2203,4,5,14,1,4,169,3.7,131
2204,10,1,14,0,2,131,4.8,108
2205,2,5,14,0,2,95,3.9,74
2206,2,6,14,0,5,121,4.9,113
2207,12,1,9,0,1,38,4.2,26
2208,1,3,16,0,1,187,3.6,113
2209,8,6,14,0,5,92,4.8,84
2210,5,1,14,0,1,78,3.5,48
2211,3,5,14,0,4,198,4.1,169
2212,1,3,16,0,1,100,3.8,65
2213,11,6,9,0,4,152,4.4,132
2214,11,4,9,0,1,27,3.9,17
2215,4,3,9,0,3,146,4.8,129
2216,3,1,14,0,4,106,3.5,60
2217,11,6,14,0,4,38,3.5,29
2218,7,4,16,0,5,121,3.9,85
2219,2,0,16,0,5,155,4.7,134
2220,2,2,9,0,2,51,4.9,43
2221,10,1,16,0,3,56,4.4,40
2222,3,5,9,0,3,89,4.8,84
2223,4,0,14,1,4,31,4.3,25
2224,9,1,9,0,1,64,4.2,54
2225,2,3,14,0,1,126,4.7,109
2226,6,5,14,0,3,44,4,37
2227,8,4,9,0,1,119,3.8,88
2228,9,3,14,0,4,157,5,124
2229,3,2,14,0,5,104,3.5,58
2230,5,1,16,0,4,129,4.4,90
2231,9,0,9,0,2,199,3.7,119
2232,12,6,14,0,1,25,3.9,21
2233,6,4,14,0,4,182,3.9,129
2234,9,4,14,0,5,192,4.8,162
2235,5,2,16,0,4,27,5,21
2236,10,6,14,0,4,181,4.1,156
2237,10,2,16,0,5,43,3.8,27
2238,6,3,14,1,1,20,4.2,16
2239,1,5,14,0,3,119,4.9,111
2240,10,5,9,1,2,31,3.7,22
2241,7,0,9,0,4,89,4.1,62
2242,1,1,14,0,1,176,3.8,113
2243,2,3,16,0,4,81,5,63
2244,3,2,16,0,1,100,4.4,66
2245,6,4,16,0,4,141,3.8,102
2246,7,4,14,0,4,194,3.5,102
2247,9,2,16,0,1,141,4.2,86
2248,3,1,14,0,3,124,4.3,83
2249,9,5,14,0,5,110,3.8,97
2250,7,1,16,0,2,60,4.5,42
2251,6,4,9,0,4,69,3.7,42
2252,9,0,16,1,5,79,4.6,75
2253,10,5,9,0,5,40,4.4,36
2254,3,0,16,1,5,29,4.1,22
2255,8,3,14,0,3,178,3.6,113
2256,4,5,16,0,1,150,4.6,136
2257,11,1,9,0,2,157,3.5,105
2258,2,3,9,0,1,80,3.6,54
2259,4,6,16,0,2,171,4.1,144
2260,10,5,16,0,4,78,4.2,58
2261,6,4,16,0,5,78,4.4,50
2262,2,3,9,1,1,161,4.9,161
2263,3,2,14,0,4,157,4,114
2264,12,2,9,0,4,198,3.9,146
2265,6,0,14,0,4,69,3.6,46
2266,3,0,14,0,2,56,4.4,33
2267,8,5,14,0,5,48,3.6,34
2268,8,0,9,0,4,66,4.5,49
2269,5,0,16,0,1,125,4.6,97
2270,2,3,14,0,1,57,4.1,41
2271,1,0,16,0,2,167,4,114
2272,11,6,16,0,2,124,4.1,109
2273,9,0,14,0,1,145,3.8,100
2274,4,0,16,0,5,139,4,102
2275,2,1,9,0,4,148,3.7,94
2276,11,3,9,0,3,77,4.4,56
2277,12,4,16,0,5,115,3.9,87
2278,10,5,16,0,1,64,4.8,59
2279,8,5,14,0,1,99,4.6,93
2280,12,5,14,0,2,149,4.3,127
2281,2,2,9,0,2,166,3.5,107
2282,10,5,9,0,4,110,4.4,103
2283,11,1,9,0,3,65,4.7,58
2284,7,3,9,0,2,144,3.6,102
2285,6,0,9,0,4,21,4.5,16
2286,9,5,9,0,3,86,4,82
2287,10,6,14,0,5,124,4.1,105
2288,11,1,14,0,1,27,4,19
2289,10,0,14,0,4,163,4.4,92
2290,3,4,9,0,3,37,3.9,30
2291,12,4,14,0,5,160,4.7,130
2292,9,4,9,0,3,182,4,142
2293,7,1,16,0,5,110,3.6,67
2294,3,0,9,0,1,83,3.7,59
2295,7,5,9,0,4,119,4.3,114
2296,8,4,14,0,5,200,4,129
2297,8,6,9,0,1,63,5,63
2298,1,4,9,0,2,64,4.1,49
2299,9,2,16,0,3,187,4.7,159
2300,2,6,14,1,5,51,4.2,41
2301,5,0,14,0,2,54,4.2,37
2302,3,1,14,0,3,148,4.3,110
2303,11,5,9,0,3,62,4.3,62
2304,4,5,9,0,1,25,4.9,23
2305,9,4,16,0,4,174,5,133
2306,7,5,16,0,4,118,3.5,82
2307,6,4,16,0,5,150,3.8,116
2308,10,2,9,1,5,152,4,137
2309,9,2,14,0,1,171,3.8,105
2310,2,2,9,0,2,196,4.2,142
2311,4,4,14,0,4,191,4.3,143
2312,3,6,16,0,3,75,4.2,60
2313,1,4,9,0,2,197,4.5,130
2314,3,0,9,0,4,121,4,89
2315,6,6,9,0,2,167,4.3,149
2316,12,1,14,0,3,153,4.2,108
2317,7,2,14,0,1,103,3.8,77
2318,8,5,16,0,4,70,4.6,65
2319,12,2,9,0,5,164,4,125
2320,8,0,14,0,2,153,4.5,105
2321,6,5,16,0,2,102,3.8,89
2322,9,4,16,0,5,52,4.4,33
2323,7,1,16,0,2,195,4.2,146
2324,10,4,14,0,2,67,3.7,38
2325,4,4,9,0,3,177,3.6,125
2326,11,4,9,0,5,20,4.9,16
2327,8,0,9,0,1,105,3.9,73
2328,1,3,14,0,1,160,3.9,108
2329,5,1,14,0,1,137,4,97
2330,1,6,9,0,1,49,4.5,43
2331,10,4,9,0,5,51,4.8,43
2332,10,6,16,0,4,89,4.4,68
2333,5,5,16,0,3,140,4.7,134
2334,6,5,9,0,4,71,4.4,66
2335,10,0,16,0,3,40,4.8,34
2336,2,6,16,0,3,161,4.8,161
2337,10,1,14,1,1,129,4.2,103
2338,10,2,16,0,2,47,4.7,34
2339,6,1,16,0,5,156,4.4,100
2340,5,0,16,0,5,37,3.5,22
2341,12,4,9,0,5,86,4.3,67
2342,11,0,9,0,2,118,4.9,91
2343,9,6,9,0,5,105,4.8,105
2344,11,2,14,0,5,21,4.3,14
2345,5,1,9,0,1,51,4.5,38
2346,7,6,9,0,4,160,4.8,160
2347,3,3,14,0,5,124,4.6,108
2348,11,0,16,0,2,171,4.5,122
2349,11,0,9,0,1,56,4.8,44
2350,9,6,14,1,5,111,4,84
2351,1,5,9,0,1,152,4.5,124
2352,12,4,9,0,5,56,4.6,44
2353,5,0,14,0,4,82,4.2,52
2354,4,3,16,0,3,135,3.9,98
2355,12,0,9,0,4,59,5,48
2356,6,6,14,0,3,154,4.5,131
2357,9,5,16,0,4,104,4.5,88
2358,11,0,9,0,2,111,3.7,69
2359,2,0,16,0,5,97,3.9,63
2360,3,6,16,0,4,36,3.6,25
2361,7,2,16,0,2,113,4.5,78
2362,2,4,9,0,3,51,3.7,35
2363,4,2,9,0,2,48,3.9,37
2364,11,5,9,0,5,52,3.7,43
2365,5,6,14,0,1,134,4.9,131
2366,6,4,9,0,4,80,4.9,74
2367,1,6,16,0,5,94,4.8,86
2368,2,0,9,0,3,164,5,140
2369,7,2,9,0,5,162,3.7,93
2370,5,0,16,0,1,171,4.5,131
2371,2,5,14,0,1,151,4.6,134
2372,8,1,9,0,4,98,4.1,75
2373,4,5,14,0,1,48,4.5,43
2374,9,2,16,0,4,90,4.5,61
2375,9,5,14,0,4,177,4.4,148
2376,3,4,14,0,2,129,4.2,99
2377,4,0,16,0,1,23,4.3,16
2378,1,4,14,1,1,54,4.9,45
2379,5,6,9,0,3,117,4.5,100
2380,7,1,14,0,1,148,4.9,113
2381,4,0,14,0,1,196,5,159
2382,10,1,9,0,2,186,4.4,133
2383,11,4,14,0,2,104,4.6,84
2384,4,5,9,0,5,172,4,150
2385,10,1,16,0,5,186,4.4,132
2386,7,6,14,0,1,101,4.1,91
2387,2,4,16,0,5,158,4.2,118
2388,5,6,16,0,2,97,4.8,96
2389,7,0,14,0,2,22,5,18
2390,1,3,16,0,1,46,3.9,32
2391,12,1,16,0,5,172,4,126
2392,8,3,9,0,2,109,3.6,67
2393,2,0,9,0,1,197,4.4,129
2394,9,6,9,0,5,41,3.6,37
2395,1,5,9,0,2,175,4.3,146
2396,6,0,14,1,2,142,4.3,117
2397,9,0,9,0,4,148,3.7,91
2398,3,1,9,1,5,185,4.6,185
2399,2,5,14,0,3,182,4.7,176
2400,4,2,16,0,5,148,3.7,80
2401,3,5,16,0,3,193,3.6,145
2402,11,1,16,0,1,84,3.8,64
2403,9,6,9,0,3,148,4.1,139
2404,11,1,9,0,1,181,4,140
2405,2,2,16,0,4,117,4.7,97
2406,4,0,16,1,3,124,4.7,124
2407,9,6,9,0,1,81,3.8,74
2408,11,6,14,0,3,194,3.8,153
2409,1,5,14,0,2,106,4.9,106
2410,1,6,14,0,1,47,4.8,46
2411,11,6,9,0,3,67,3.9,58
2412,2,3,9,0,4,75,4.4,57
2413,7,6,9,1,3,82,4.9,77
2414,9,6,9,0,1,123,4.7,123
2415,9,4,9,0,1,133,4.8,112
2416,9,2,16,0,1,195,3.6,117
2417,3,6,14,1,2,125,3.8,110
2418,11,2,16,0,1,68,4.1,43
2419,10,1,9,0,5,111,4.9,91
2420,1,6,9,0,5,179,3.9,166
2421,2,5,16,0,3,52,5,50
2422,8,5,9,0,1,174,4.2,150
2423,3,4,9,0,4,169,4,138
2424,6,2,16,1,3,87,3.5,65
2425,2,1,9,0,1,194,4.7,164
2426,9,3,14,0,4,55,4.6,45
2427,11,6,14,0,2,183,4,137
2428,8,4,16,0,5,176,4,131
2429,7,5,14,0,5,161,3.8,131
2430,10,6,14,0,3,40,4.7,38
2431,3,6,14,1,2,64,3.6,46
2432,5,1,16,0,1,93,3.7,55
2433,12,4,14,0,3,112,4.9,89
2434,1,3,14,0,3,147,4.9,126
2435,6,2,14,0,3,134,3.7,76
2436,11,5,9,0,2,75,3.6,58
2437,6,6,9,0,3,165,4.6,165
2438,1,5,16,0,5,148,4.1,134
2439,9,0,9,0,2,83,3.8,65
2440,7,1,16,0,4,120,5,108
2441,10,5,9,0,1,188,3.9,188
2442,7,3,9,0,1,37,4.9,31
2443,2,6,16,0,5,149,5,138
2444,11,4,14,0,1,39,3.8,31
2445,10,0,14,0,4,32,3.9,22
2446,1,3,16,0,5,176,3.8,120
2447,1,2,9,1,5,59,4.1,56
2448,6,6,14,0,2,91,4.2,74
2449,5,6,16,0,1,28,3.5,19
2450,7,3,14,0,4,161,5,128
2451,6,1,16,1,4,192,4.6,165
2452,2,0,9,0,4,52,3.6,35
2453,5,6,16,0,5,163,3.9,130
2454,8,4,16,0,5,134,3.8,90
2455,9,4,16,0,3,167,3.8,124
2456,2,0,9,0,1,58,4.9,53
2457,7,2,14,0,5,167,5,126
2458,9,4,16,0,4,188,3.5,112
2459,6,3,9,1,1,90,5,90
2460,5,2,9,0,2,60,4.9,49
2461,3,2,16,0,5,158,4.9,115
2462,8,0,9,0,3,84,4.8,64
2463,10,3,16,0,1,66,4.4,47
2464,2,3,16,0,5,197,4,148
2465,1,3,14,0,1,83,4.4,52
2466,9,5,14,0,2,138,4.1,128
2467,7,2,9,1,2,89,3.9,80
2468,2,6,14,0,5,46,3.8,36
2469,10,6,14,0,5,80,4,64
2470,6,5,16,0,2,97,3.8,90
2471,3,1,14,0,5,26,4.6,23
2472,5,2,16,0,3,73,4.5,49
2473,12,5,16,0,5,169,4.6,163
2474,11,3,9,0,2,130,4.2,104
2475,8,4,16,0,1,136,4.6,107
2476,1,5,14,0,2,173,4.2,138
2477,8,5,16,0,1,148,4.4,115
2478,3,3,14,0,5,190,4.2,136
2479,2,0,14,0,1,39,4.8,31
2480,8,1,14,0,2,88,4.8,74
2481,6,1,16,0,5,161,4.1,129
2482,8,2,14,0,1,185,3.5,100
2483,3,1,16,1,1,64,4,56
2484,2,4,16,0,4,177,4.5,118
2485,4,5,16,0,5,61,4.2,52
2486,12,6,14,0,3,113,4.1,93
2487,10,3,14,0,4,162,4.1,111
2488,9,1,9,0,3,46,4.3,33
2489,10,3,9,0,4,134,3.5,77
2490,7,3,14,1,4,143,3.8,113
2491,3,5,14,0,3,104,3.7,80
2492,1,2,9,0,1,69,4.7,54
2493,2,4,14,0,2,182,4.6,151
2494,10,2,9,0,1,153,4.4,109
2495,12,5,14,0,5,59,3.8,50
2496,10,6,9,0,4,60,3.6,50
2497,10,5,14,0,4,59,3.6,45
2498,4,5,9,0,4,92,4.5,75
2499,3,3,9,0,4,198,4.8,168
2500,8,3,14,0,4,65,4.3,47
2501,3,1,14,0,1,31,3.7,20
2502,10,1,14,0,4,49,5,42
2503,6,6,9,0,5,27,3.6,19
2504,6,1,14,0,1,20,4.9,15
2505,2,2,14,0,4,63,3.6,38
2506,9,6,14,0,2,145,3.7,100
2507,9,4,16,0,1,120,4.3,74
2508,8,4,9,1,3,161,4.2,153
2509,12,6,9,0,2,172,5,172
2510,6,3,14,0,4,112,3.5,61
2511,5,1,14,0,2,114,3.7,72
2512,3,6,9,0,2,168,4.4,153
2513,3,5,16,0,1,88,3.7,68
2514,11,6,14,0,3,109,4.7,109
2515,8,4,14,1,5,136,3.7,97
2516,5,0,16,0,5,181,4.9,155
2517,12,0,16,1,5,198,4.4,154
2518,1,3,14,0,5,63,4.1,44
2519,1,1,16,0,4,28,4.5,19
2520,5,1,9,0,3,93,4.2,70
2521,10,1,9,0,4,186,4.3,113
2522,11,6,16,0,4,188,4.1,144
2523,4,0,14,0,2,98,4.1,69
2524,9,4,16,0,4,117,5,97
2525,7,5,9,0,4,97,4.7,97
2526,9,5,9,0,4,87,4.4,73
2527,2,0,9,0,1,176,4,129
2528,3,5,16,0,2,124,4.8,114
2529,4,3,9,0,3,21,5,16
2530,2,3,14,0,3,101,3.7,59
2531,11,1,14,0,2,132,4.9,100
2532,12,2,16,0,5,105,4.1,72
2533,7,6,16,0,4,133,4.8,127
2534,8,5,14,0,2,100,3.8,82
2535,6,0,14,0,1,62,4.4,41
2536,7,1,16,0,5,127,4.8,90
2537,7,3,9,1,2,110,4.3,105
2538,7,3,16,0,5,26,3.6,14
2539,3,5,14,0,1,158,3.8,138
2540,1,4,14,0,5,93,3.8,66
2541,2,6,14,0,4,113,4.5,91
2542,2,0,9,0,2,92,5,71
2543,10,6,16,0,3,105,4.7,98
2544,8,5,14,0,3,170,4.4,134
2545,12,3,9,0,1,119,4.5,82
2546,3,4,16,0,5,130,5,107
2547,8,0,16,0,5,22,3.9,15
2548,12,5,14,0,3,113,4.8,99
2549,11,0,16,0,2,48,4.7,40
2550,1,4,9,0,4,128,4.8,105
2551,3,4,16,0,3,70,3.6,48
2552,2,6,16,0,2,20,4.6,18
2553,12,1,14,0,4,68,3.9,45
2554,8,3,9,0,3,136,4.9,112
2555,5,2,9,0,3,153,4.7,120
2556,5,0,16,0,1,200,4.4,147
2557,6,5,16,0,1,68,4,62
2558,2,4,14,0,4,158,4.4,121
2559,3,3,9,0,3,74,4.8,60
2560,9,2,14,0,5,108,4.1,74
2561,5,1,16,0,1,78,4.1,55
2562,10,0,14,0,1,192,3.5,108
2563,6,6,16,0,2,32,3.9,26
2564,7,0,9,0,1,175,4.4,129
2565,3,1,16,0,2,193,4.7,147
2566,1,2,16,0,3,179,4.5,141
2567,2,2,14,0,3,124,4.7,93
2568,8,1,16,0,2,150,4.3,114
2569,3,6,16,0,5,183,4.3,145
2570,8,3,16,0,3,178,3.8,137
2571,7,4,14,0,1,164,4.1,114
2572,7,0,16,0,2,172,3.8,123
2573,1,6,14,0,3,22,4.2,18
2574,6,6,9,0,5,125,4.9,125
2575,6,1,14,0,2,164,4.4,115
2576,5,6,9,0,1,45,3.7,37
2577,5,4,9,0,1,154,4.1,114
2578,5,2,14,0,1,136,5,105
2579,8,2,9,0,5,192,4,128
2580,7,6,9,0,4,185,4.9,184
2581,4,2,16,0,5,47,3.5,30
2582,8,5,9,0,5,115,3.9,90
2583,10,5,16,1,1,154,3.6,122
2584,4,4,9,1,3,126,4.1,114
2585,1,3,14,0,5,166,3.6,92
2586,4,0,14,0,4,42,3.9,33
2587,4,5,9,0,5,106,3.9,98
2588,11,6,16,1,2,58,4.2,49
2589,11,0,16,0,4,48,4.3,35
2590,5,5,9,0,4,179,4.1,167
2591,5,1,14,0,1,62,4.1,42
2592,7,2,16,0,1,73,4.5,53
2593,4,2,16,0,3,193,4.6,145
2594,1,3,16,0,2,59,4.3,41
2595,9,2,9,0,4,114,3.8,84
2596,6,4,9,0,1,182,4.6,168
2597,4,5,16,0,2,57,4.2,47
2598,6,4,14,0,3,36,5,28
2599,7,6,14,0,1,89,4,72
2600,8,3,16,0,4,137,3.8,82
2601,12,2,16,0,3,23,4.6,20
2602,9,6,16,0,4,109,4.4,88
2603,11,2,16,0,2,59,4.8,42
2604,2,4,16,0,4,129,3.5,86
2605,12,6,9,0,4,178,4.5,163
2606,11,2,14,0,5,71,4.6,53
2607,11,1,9,0,2,87,4.9,74
2608,8,6,9,0,5,40,4.9,39
2609,3,2,9,1,3,54,4.8,54
2610,6,1,9,0,3,146,4.6,136
2611,8,0,16,0,3,138,4.7,101
2612,8,3,14,0,5,132,4.3,82
2613,6,1,9,0,5,77,5,63
2614,6,3,16,0,5,39,4.3,28
2615,1,0,14,0,5,90,5,69
2616,5,0,9,0,1,189,4.9,158
2617,10,4,9,0,2,125,3.6,84
2618,9,5,14,0,1,98,5,93
2619,7,6,16,0,5,59,4.9,59
2620,11,6,14,1,5,79,4.1,72
2621,1,4,14,0,2,164,3.8,103
2622,8,0,9,0,1,126,4.6,100
2623,7,3,16,0,5,98,4.4,65
2624,3,0,16,0,4,187,4.1,140
2625,12,4,9,0,3,81,4.5,55
2626,3,0,16,0,3,26,3.8,18
2627,2,4,14,0,5,58,3.7,35
2628,5,6,16,1,4,36,4.9,36
2629,1,3,14,0,4,85,3.9,57
2630,11,1,14,0,4,84,4.9,66
2631,8,6,14,0,1,68,3.5,48
2632,2,3,16,0,4,45,4.7,37
2633,12,6,14,1,3,113,4.9,106
2634,9,1,14,0,1,29,3.6,15
2635,3,6,16,0,4,173,4.9,172
2636,12,4,9,0,4,148,4.1,100
2637,2,2,16,0,3,186,3.8,132
2638,1,4,16,0,5,106,4.9,88
2639,7,1,9,0,4,27,4.5,19
2640,6,5,9,0,5,105,4.3,87
2641,2,5,16,0,1,53,4.9,51
2642,3,5,9,1,3,110,3.7,87
2643,8,2,14,1,2,35,4,29
2644,4,5,9,0,1,149,3.7,118
2645,5,1,9,0,4,124,3.6,82
2646,9,3,14,0,2,137,4.3,81
2647,2,3,9,0,5,63,4,48
2648,10,6,14,0,5,62,3.9,50
2649,9,1,14,0,5,48,5,35
2650,7,3,14,0,4,70,3.8,44
2651,6,3,9,0,3,156,4.9,139
2652,2,6,9,0,2,121,3.9,114
2653,1,3,14,0,1,192,4.1,147
2654,10,1,14,0,2,78,4.3,54
2655,1,2,9,0,1,41,3.6,29
2656,9,1,14,1,3,43,4.2,35
2657,2,2,9,0,4,78,4.8,72
2658,3,3,14,0,3,173,3.6,104
2659,8,1,9,0,4,98,3.8,71
2660,5,1,9,0,4,65,4,48
2661,5,4,16,0,1,166,4,142
2662,10,6,9,0,3,119,5,118
2663,12,2,16,0,4,186,3.9,119
2664,1,4,9,0,5,180,4.9,163
2665,5,1,9,1,3,35,4.9,34
2666,11,5,9,0,5,22,4.4,21
2667,11,6,16,0,2,189,3.6,145
2668,7,1,16,0,4,64,4.9,51
2669,8,0,14,0,5,35,4.3,29
2670,4,1,16,0,1,196,4.3,141
2671,12,4,16,0,1,173,4.7,135
2672,7,0,9,1,2,159,4.5,135
2673,6,0,16,0,4,150,4.9,126
2674,5,1,16,0,5,170,4.3,111
2675,10,6,16,0,1,79,4.3,66
2676,2,2,14,1,2,100,4.5,79
2677,1,1,9,0,1,93,3.7,65
2678,6,5,16,1,2,92,3.7,68
2679,8,3,16,1,4,135,4.8,121
2680,8,1,16,0,3,193,3.6,126
2681,10,1,9,0,5,116,4.8,96
2682,8,4,14,0,2,129,4.3,94
2683,10,5,14,0,4,63,3.8,56
2684,12,0,14,0,4,50,3.9,36
2685,1,0,16,0,1,97,3.8,66
2686,5,1,14,0,4,197,4.8,152
2687,9,0,16,1,5,109,3.8,91
2688,1,2,9,0,3,75,3.9,56
2689,6,2,14,0,4,82,4.4,60
2690,5,2,16,0,2,147,4.7,114
2691,6,6,16,0,5,88,4.3,80
2692,2,6,16,0,1,184,4.8,166
2693,1,0,9,0,2,20,3.5,14
2694,11,6,16,0,4,82,3.7,61
2695,1,2,14,0,1,60,3.9,40
2696,8,0,9,1,4,165,3.9,152
2697,6,0,14,0,5,72,4.2,53
2698,12,1,14,1,5,77,4.8,66
2699,2,3,9,1,3,103,4.5,92
2700,6,6,9,0,4,195,4.1,179
2701,7,2,14,0,4,119,4.7,101
2702,1,4,14,0,1,113,3.6,69
2703,9,0,16,0,5,37,3.6,22
2704,2,5,14,0,3,110,3.5,78
2705,6,2,14,0,1,193,3.7,129
2706,7,1,14,1,5,95,5,94
2707,4,3,9,0,5,125,4.9,112
2708,12,1,9,0,5,194,4.7,179
2709,12,1,9,0,2,171,3.9,133
2710,2,6,16,0,1,197,4.3,158
2711,10,6,14,0,5,85,4.3,70
2712,3,0,9,0,4,190,4.5,127
2713,5,1,9,1,4,33,4.2,31
2714,9,1,14,0,1,175,3.9,131
2715,4,6,9,0,2,131,4.7,128
2716,11,0,9,0,2,102,3.9,75
2717,4,6,9,0,3,170,4.2,157
2718,8,6,14,1,3,199,3.6,146
2719,4,4,14,0,5,183,3.9,127
2720,3,5,9,0,4,152,4.7,152
2721,7,1,14,1,3,108,4,87
2722,4,6,16,0,1,134,5,130
2723,3,4,14,0,4,68,3.9,42
2724,5,4,9,0,3,172,4.6,138
2725,11,2,14,0,1,85,3.9,56
2726,7,6,16,0,1,111,4.3,89
2727,1,4,9,0,3,86,4.4,64
2728,11,3,9,0,4,181,4.7,167
2729,1,3,14,1,4,91,4.1,88
2730,9,5,9,0,3,164,3.6,116
2731,12,2,14,0,1,136,3.8,102
2732,7,0,9,0,2,172,4.8,145
2733,8,4,9,0,4,162,4,112
2734,12,2,16,0,5,37,4.3,24
2735,12,5,9,0,2,111,4.1,103
2736,10,5,16,0,1,73,4.4,63
2737,2,0,14,0,2,131,3.8,89
2738,12,0,9,0,4,56,4.4,36
2739,7,2,9,0,4,178,4.7,163
2740,4,0,14,0,5,72,4.9,57
2741,9,5,16,0,3,80,3.9,73
2742,3,2,14,0,5,170,4.2,113
2743,1,3,16,0,3,57,4.5,37
2744,12,6,9,0,1,141,3.7,108
2745,12,4,16,0,1,123,3.7,72
2746,9,1,9,0,4,121,4.3,94
2747,3,6,9,0,3,143,4.9,143
2748,11,1,9,0,2,164,5,127
2749,12,0,14,1,5,30,4.7,27
2750,2,6,14,0,3,117,4.9,110
2751,6,5,14,0,5,29,4.3,25
2752,5,1,14,0,4,113,4.4,84
2753,11,5,9,0,1,37,3.9,33
2754,8,2,14,0,3,105,4.1,75
2755,10,0,16,0,3,107,3.8,70
2756,6,0,14,1,2,26,4.1,21
2757,6,4,16,0,4,185,4.9,136
2758,2,4,14,0,5,164,4.7,148
2759,12,4,9,0,2,100,4,76
2760,5,3,14,0,3,32,3.7,19
2761,11,5,14,1,5,96,3.6,79
2762,12,4,9,0,3,132,4,97
2763,1,6,14,0,1,68,4.1,58
2764,7,5,16,0,5,52,4.5,42
2765,5,2,9,0,3,197,4.9,159
2766,10,0,14,0,5,72,4.5,43
2767,6,3,9,1,2,169,4.3,141
2768,11,2,16,0,4,68,4.2,49
2769,6,2,16,0,5,85,4.9,70
2770,12,2,9,0,2,162,4.7,141
2771,12,5,16,0,3,41,3.9,34
2772,11,4,14,1,2,22,3.7,18
2773,4,0,16,1,2,172,4.2,136
2774,12,4,9,0,5,48,4.1,34
2775,8,4,16,0,1,22,4.5,15
2776,4,3,14,0,2,112,3.6,65
2777,1,6,14,0,1,129,4.6,115
2778,6,1,9,0,2,35,4,26
2779,9,2,16,0,2,178,3.6,105
2780,2,0,9,0,4,56,4.3,42
2781,12,5,9,0,2,59,4.2,49
2782,6,2,14,0,2,93,4.5,62
2783,1,1,14,0,3,156,4.1,112
2784,5,3,14,0,3,120,4.3,84
2785,9,4,9,0,5,22,4.3,16
2786,8,1,14,0,3,92,4,62
2787,9,4,14,0,2,43,4.5,27
2788,1,3,9,0,2,44,4.4,30
2789,8,2,16,0,5,148,4.4,98
2790,7,2,16,0,5,23,3.6,13
2791,6,5,9,0,4,185,4.5,160
2792,8,2,9,0,2,150,3.7,85
2793,7,4,14,0,3,185,4.7,147
2794,3,0,14,0,2,146,4.7,110
2795,11,4,14,0,3,92,4.6,69
2796,12,2,16,0,1,60,4.9,54
2797,3,2,16,1,1,58,4.9,58
2798,4,4,16,0,5,82,4.4,54
2799,9,5,16,0,3,185,3.9,169
2800,10,5,14,0,5,134,4.4,112
2801,3,1,9,0,3,168,4.5,121
2802,10,2,16,0,2,124,3.8,83
2803,1,2,9,0,2,124,4.2,80
2804,10,3,16,0,1,24,3.6,13
2805,3,6,14,0,3,104,4.9,100
2806,8,6,14,0,5,198,4.8,198
2807,2,0,16,0,3,163,3.8,102
2808,12,0,16,0,3,195,4.8,153
2809,9,1,16,0,5,132,4.4,80
2810,10,3,16,0,3,41,3.9,25
2811,10,0,14,0,3,46,4.5,36
2812,3,3,16,0,2,136,4.8,106
2813,10,6,9,0,5,187,3.5,158
2814,6,3,14,0,4,137,3.5,92
2815,9,2,14,0,2,79,4.9,62
2816,2,0,16,1,4,102,3.6,71
2817,4,1,9,0,4,190,3.6,126
2818,11,0,9,0,4,57,4.3,41
2819,5,4,14,0,5,163,4.7,146
2820,7,1,14,0,4,112,3.7,64
2821,4,1,9,0,2,126,4.4,76
2822,6,0,14,0,2,122,4,77
2823,4,6,16,0,1,84,4.7,84
2824,2,1,9,0,1,118,4.1,74
2825,8,0,14,0,2,108,4.6,81
2826,1,4,14,0,3,52,4.5,38
2827,9,2,14,0,4,114,4.1,84
2828,8,2,9,0,5,118,5,105
2829,10,5,16,0,5,183,3.6,138
2830,3,5,16,0,1,123,4,93
2831,4,0,16,0,5,36,3.9,23
2832,10,0,14,0,3,94,3.8,69
2833,11,1,16,0,4,45,4.9,38
2834,4,3,14,0,5,41,3.6,22
2835,10,4,9,0,5,80,3.8,59
2836,2,2,14,0,3,100,5,83
2837,4,4,9,0,5,45,4.4,32
2838,7,1,16,1,1,116,3.6,94
2839,1,4,16,0,4,188,3.5,112
2840,4,5,14,0,2,138,4.5,116
2841,6,5,16,0,2,117,4,102
2842,6,1,9,0,2,117,3.7,72
2843,7,3,9,1,5,112,4.4,101
2844,9,6,14,0,3,25,3.8,18
2845,8,2,9,0,3,163,4.1,114
2846,9,0,14,1,3,23,4.7,20
2847,4,4,9,0,5,43,4.6,34
2848,1,1,16,0,2,98,3.8,68
2849,12,1,14,0,5,124,4.9,95
2850,9,0,16,0,4,94,3.9,70
2851,4,4,9,0,1,57,4.3,44
2852,5,5,16,0,1,32,4.8,28
2853,8,1,16,0,4,78,3.5,48
2854,10,0,9,0,3,53,4.2,43
2855,12,5,14,0,4,141,3.7,106
2856,7,6,14,0,1,98,5,98
2857,11,2,14,0,3,27,4.7,25
2858,7,6,9,0,5,102,4.4,94
2859,8,1,16,0,2,48,4.5,34
2860,10,5,16,1,5,103,3.8,88
2861,10,0,9,0,2,101,3.9,78
2862,3,1,9,0,2,72,4.3,54
2863,7,6,14,0,3,148,4,122
2864,12,4,9,0,1,54,4.2,44
2865,7,5,14,0,4,157,3.6,123
2866,2,4,16,0,2,185,4.5,131
2867,7,4,14,0,4,104,4.6,84
2868,11,0,9,1,1,87,3.9,76
2869,4,4,16,0,5,195,3.8,141
2870,4,4,16,0,4,111,3.6,62
2871,4,3,9,0,1,130,4.9,104
2872,10,1,9,0,2,148,4.9,121
2873,5,5,9,0,4,64,4.2,60
2874,5,6,14,0,4,77,4.7,67
2875,3,5,14,0,5,106,4.5,88
2876,3,6,16,0,2,35,4.7,34
2877,1,4,14,0,5,65,4.1,44
2878,9,5,16,0,4,45,4.4,38
2879,12,0,9,1,2,102,3.7,84
2880,8,6,16,0,2,93,3.8,72
2881,10,0,16,0,3,133,4.2,95
2882,12,0,16,0,3,144,4.1,91
2883,10,1,16,1,5,42,3.7,28
2884,7,4,9,0,4,102,4.2,75
2885,11,1,9,0,5,85,4.5,70
2886,1,5,9,0,4,110,4.6,110
2887,10,5,9,0,4,198,3.9,171
2888,1,6,16,0,5,161,3.7,124
2889,12,0,9,0,2,89,3.9,71
2890,8,4,14,1,3,31,3.6,22
2891,11,5,16,0,1,94,4.2,72
2892,7,6,14,1,5,151,4.5,136
2893,9,0,14,0,5,50,4.2,36
2894,1,6,9,0,4,145,4.8,139
2895,9,2,16,0,4,170,3.5,95
2896,11,4,16,0,5,196,3.8,122
2897,9,5,14,0,5,110,4.1,106
2898,7,0,16,0,1,144,3.7,85
2899,2,2,9,0,2,46,4.3,31
2900,6,2,14,0,3,31,4.5,22
2901,6,4,14,0,2,113,4.1,80
2902,8,6,14,0,2,159,3.5,139
2903,2,5,9,1,4,24,3.7,21
2904,5,4,14,0,3,160,3.9,120
2905,12,5,9,0,5,170,4.3,158
2906,1,0,16,0,3,58,4.6,46
2907,1,6,9,0,3,67,4,58
2908,1,1,16,0,4,109,4.5,78
2909,5,6,16,0,5,91,4.3,76
2910,10,3,9,0,3,62,4.7,51
2911,7,5,16,0,1,27,4.7,25
2912,4,6,14,1,5,155,4.2,138
2913,7,4,16,0,2,128,5,100
2914,4,0,16,0,1,98,4,64
2915,5,4,14,0,3,145,4.4,108
2916,12,6,14,0,4,41,4.2,33
2917,7,6,14,0,3,166,4.6,159
2918,11,6,9,0,3,183,4.8,181
2919,1,3,16,0,3,57,3.9,37
2920,12,3,14,0,4,172,4.8,142
2921,4,2,9,0,5,62,4.9,50
2922,8,4,14,0,5,106,4.7,94
2923,9,1,16,0,5,72,5,52
2924,3,4,9,0,4,171,4.5,121
2925,4,4,9,0,5,57,4,37
2926,6,4,16,0,1,178,4.7,142
2927,10,4,16,0,5,130,4.5,92
2928,5,4,14,0,1,172,4.1,116
2929,5,4,9,0,2,79,4.5,61
2930,12,3,16,0,4,24,4.6,18
2931,3,4,9,0,5,39,4.8,36
2932,11,2,16,0,4,33,3.5,20
2933,10,5,14,0,1,176,3.7,123
2934,3,6,16,0,2,152,3.6,124
2935,11,4,14,0,4,175,4.6,127
2936,7,0,9,0,4,199,4,155
2937,12,0,14,0,3,20,4.1,12
2938,3,6,9,0,2,42,4.6,42
2939,6,3,14,0,5,78,4.9,63
2940,11,1,14,0,1,133,3.6,74
2941,11,1,9,0,4,32,4.8,25
2942,7,5,14,1,1,158,4.7,152
2943,6,0,9,0,2,158,3.8,105
2944,12,3,9,0,4,92,4.6,92
2945,10,1,9,0,2,152,4,111
2946,6,2,16,0,1,99,3.8,76
2947,9,5,16,0,3,181,4.9,166
2948,7,0,16,0,4,168,4,120
2949,9,3,9,0,5,146,4.3,124
2950,12,3,9,0,1,31,3.9,21
2951,11,1,16,0,2,69,4.6,56
2952,4,6,14,0,1,111,3.8,90
2953,5,4,14,1,3,173,4,152
2954,8,3,9,0,3,166,3.9,110
2955,2,3,9,0,4,92,4.5,70
2956,8,2,16,0,4,47,3.8,37
2957,5,1,14,1,5,58,4.3,50
2958,4,2,14,0,1,143,4.3,100
2959,4,1,9,0,4,68,4.8,65
2960,4,1,16,0,2,92,3.9,60
2961,6,0,14,0,2,83,4.9,67
2962,4,6,16,0,4,39,3.6,29
2963,3,4,14,0,4,115,4.7,98
2964,1,4,14,0,2,51,4.5,36
2965,8,0,9,0,2,105,4.1,88
2966,4,2,14,1,2,93,4.1,83
2967,11,2,16,1,1,117,4.6,109
2968,5,1,9,0,2,140,4.6,124
2969,8,3,9,0,2,161,3.5,94
2970,10,1,9,0,2,200,4.9,166
2971,4,6,9,0,2,71,3.6,60
2972,2,5,16,0,4,200,4.5,179
2973,4,0,9,0,3,107,4,83
2974,1,4,16,0,1,65,4,42
2975,8,3,9,0,2,36,4.4,31
2976,2,6,14,0,5,177,4,168
2977,12,3,9,0,5,33,4.9,27
2978,11,6,14,0,4,57,3.6,43
2979,3,0,16,0,3,198,3.7,106
2980,12,6,16,0,3,97,3.8,80
2981,12,0,16,0,1,134,4.5,88
2982,12,5,16,0,2,166,4.8,150
2983,9,3,14,0,1,125,4.8,107
2984,6,4,16,0,5,191,4.5,136
2985,3,6,16,0,3,50,4.4,41
2986,9,3,14,0,4,165,5,133
2987,8,1,9,0,1,78,3.6,51
2988,10,0,14,1,1,23,3.7,17
2989,6,4,14,0,5,36,4.9,32
2990,12,5,16,0,3,109,3.7,74
2991,4,3,9,0,1,170,3.9,126
2992,5,6,16,0,1,22,4,19
2993,2,4,14,0,5,180,3.8,115
2994,9,5,14,0,5,179,3.6,137
2995,2,5,16,1,4,139,4.9,130
2996,7,5,16,0,3,159,4.5,154
2997,2,3,16,0,1,194,3.6,123
2998,3,6,16,0,3,187,4.8,167
2999,9,4,16,0,3,143,4.3,100
